Game,Offense,Defense,Pos,Off_Avg,Def_Allows,Projected,Delta
CIN @ MIA,MIA,CIN,TE1,24.7%,36.9%,43.0%,18.3%
HOU @ TEN,HOU,TEN,WR1,12.4%,32.4%,24.6%,12.2%
HOU @ TEN,TEN,HOU,WR1,26.0%,32.2%,37.2%,11.2%
BUF @ LA,LA,BUF,WR1,12.7%,25.5%,23.2%,10.5%
CHI @ GB,CHI,GB,WR1,15.2%,25.6%,23.5%,8.3%
DEN @ LAC,DEN,LAC,WR1,21.4%,25.2%,28.3%,6.8%
IND @ PIT,PIT,IND,TE1,22.1%,31.7%,28.8%,6.7%
DET @ ARI,ARI,DET,WR1,28.4%,25.1%,35.1%,6.7%
IND @ PIT,PIT,IND,WR2,7.4%,18.3%,12.8%,5.5%
CHI @ GB,GB,CHI,WR1,21.1%,24.8%,26.2%,5.2%
LV @ NE,NE,LV,TE1,26.1%,26.5%,31.0%,4.9%
TB @ DAL,TB,DAL,WR1,18.3%,30.8%,23.2%,4.9%
NYG @ WAS,NYG,WAS,WR3,8.5%,19.7%,12.9%,4.4%
CHI @ GB,CHI,GB,TE1,26.5%,28.1%,30.8%,4.3%
CLE @ NYJ,CLE,NYJ,WR1,18.3%,24.4%,22.5%,4.3%
PHI @ JAX,PHI,JAX,WR3,12.8%,14.0%,17.1%,4.3%
SF @ SEA,SEA,SF,WR2,12.8%,14.2%,17.1%,4.3%
BAL @ ATL,ATL,BAL,WR2,13.3%,20.9%,17.2%,3.9%
IND @ PIT,PIT,IND,WR3,21.5%,19.0%,25.3%,3.8%
CLE @ NYJ,NYJ,CLE,TE1,29.0%,27.9%,32.5%,3.5%
CIN @ MIA,CIN,MIA,WR3,4.3%,14.4%,7.8%,3.5%
DEN @ LAC,LAC,DEN,RB1,4.2%,14.3%,7.7%,3.5%
SF @ SEA,SF,SEA,RB2,1.9%,9.5%,5.3%,3.4%
CHI @ GB,CHI,GB,WR2,22.0%,19.8%,25.3%,3.3%
LV @ NE,LV,NE,WR2,7.7%,15.1%,10.9%,3.2%
IND @ PIT,PIT,IND,RB1,12.9%,13.5%,16.1%,3.2%
BUF @ LA,BUF,LA,RB2,5.5%,8.8%,8.6%,3.1%
TB @ DAL,TB,DAL,WR3,13.0%,13.5%,16.1%,3.1%
SF @ SEA,SEA,SF,TE1,20.5%,23.4%,23.5%,3.0%
LV @ NE,LV,NE,RB2,2.1%,4.8%,5.0%,2.9%
MIN @ NO,MIN,NO,TE1,40.5%,35.2%,43.4%,2.9%
MIN @ NO,MIN,NO,WR2,18.2%,19.2%,21.0%,2.9%
IND @ PIT,IND,PIT,RB2,2.2%,4.5%,5.0%,2.8%
DET @ ARI,ARI,DET,TE2,3.2%,12.9%,6.0%,2.8%
SF @ SEA,SF,SEA,TE2,2.9%,8.7%,5.7%,2.8%
IND @ PIT,IND,PIT,RB1,11.0%,18.8%,13.8%,2.7%
DET @ ARI,DET,ARI,WR1,27.4%,28.4%,30.1%,2.7%
IND @ PIT,IND,PIT,TE2,0.7%,2.7%,3.4%,2.7%
PHI @ JAX,PHI,JAX,WR2,17.1%,26.3%,19.8%,2.7%
CIN @ MIA,MIA,CIN,WR3,13.4%,16.3%,16.1%,2.7%
TB @ DAL,TB,DAL,TE2,0.8%,3.8%,3.4%,2.6%
PHI @ JAX,PHI,JAX,RB1,6.0%,14.0%,8.6%,2.6%
BUF @ LA,LA,BUF,WR3,12.0%,13.8%,14.7%,2.6%
DET @ ARI,ARI,DET,TE1,36.1%,29.8%,38.7%,2.6%
MIN @ NO,NO,MIN,WR3,7.6%,14.7%,10.1%,2.6%
BAL @ ATL,BAL,ATL,WR2,16.3%,18.5%,18.9%,2.6%
BAL @ ATL,BAL,ATL,TE2,2.2%,6.7%,4.7%,2.5%
BAL @ ATL,ATL,BAL,WR1,25.5%,29.5%,28.0%,2.5%
DEN @ LAC,DEN,LAC,RB1,3.2%,13.4%,5.7%,2.5%
MIN @ NO,NO,MIN,RB2,3.2%,5.9%,5.7%,2.4%
LV @ NE,NE,LV,TE2,3.5%,9.8%,5.8%,2.3%
TB @ DAL,TB,DAL,WR2,13.7%,17.3%,16.1%,2.3%
CLE @ NYJ,CLE,NYJ,TE1,27.8%,29.0%,29.9%,2.1%
SF @ SEA,SF,SEA,WR3,10.7%,15.1%,12.8%,2.1%
SF @ SEA,SF,SEA,WR2,16.5%,13.5%,18.6%,2.1%
TB @ DAL,DAL,TB,RB2,1.3%,4.1%,3.4%,2.1%
NYG @ WAS,WAS,NYG,WR1,18.2%,22.6%,20.2%,2.1%
DET @ ARI,DET,ARI,TE2,3.0%,10.1%,5.0%,2.1%
SF @ SEA,SEA,SF,TE2,3.4%,6.4%,5.4%,2.0%
TB @ DAL,DAL,TB,RB1,11.3%,17.9%,13.3%,1.9%
TB @ DAL,DAL,TB,WR2,18.7%,22.8%,20.6%,1.9%
CHI @ GB,GB,CHI,RB2,5.3%,8.6%,7.2%,1.9%
NYG @ WAS,NYG,WAS,WR1,22.0%,24.1%,24.0%,1.9%
HOU @ TEN,TEN,HOU,TE1,24.4%,25.0%,26.2%,1.8%
SF @ SEA,SF,SEA,TE1,23.3%,23.8%,25.1%,1.8%
CLE @ NYJ,NYJ,CLE,WR3,10.5%,17.1%,12.3%,1.8%
MIN @ NO,NO,MIN,TE1,25.4%,28.7%,27.2%,1.8%
HOU @ TEN,HOU,TEN,RB2,6.2%,7.2%,7.8%,1.6%
BAL @ ATL,BAL,ATL,RB2,6.5%,7.3%,8.2%,1.6%
NYG @ WAS,WAS,NYG,WR2,25.6%,23.3%,27.2%,1.6%
IND @ PIT,IND,PIT,WR1,25.7%,24.1%,27.3%,1.6%
NYG @ WAS,WAS,NYG,TE2,5.8%,12.8%,7.4%,1.6%
CIN @ MIA,CIN,MIA,TE2,5.8%,9.9%,7.3%,1.6%
TB @ DAL,DAL,TB,TE2,4.0%,4.9%,5.6%,1.6%
CIN @ MIA,MIA,CIN,TE2,4.1%,5.7%,5.7%,1.5%
CLE @ NYJ,CLE,NYJ,TE2,2.4%,3.8%,3.9%,1.5%
TB @ DAL,DAL,TB,TE1,18.0%,28.5%,19.5%,1.5%
BUF @ LA,LA,BUF,RB2,4.2%,6.9%,5.8%,1.5%
DET @ ARI,DET,ARI,WR2,14.9%,13.8%,16.4%,1.5%
IND @ PIT,IND,PIT,WR2,14.7%,17.9%,16.2%,1.5%
NYG @ WAS,NYG,WAS,RB2,4.2%,5.8%,5.7%,1.4%
BUF @ LA,BUF,LA,TE2,4.7%,8.0%,6.1%,1.4%
MIN @ NO,MIN,NO,WR1,14.9%,19.2%,16.3%,1.4%
HOU @ TEN,HOU,TEN,RB1,4.8%,9.0%,6.2%,1.4%
CHI @ GB,GB,CHI,TE2,4.6%,7.6%,6.0%,1.4%
NYG @ WAS,WAS,NYG,RB1,5.8%,9.0%,7.1%,1.3%
LV @ NE,NE,LV,RB2,2.6%,3.8%,3.9%,1.3%
MIN @ NO,NO,MIN,WR2,16.8%,17.6%,18.1%,1.3%
NYG @ WAS,NYG,WAS,RB1,7.6%,9.5%,8.9%,1.3%
BUF @ LA,BUF,LA,TE1,27.3%,23.2%,28.6%,1.3%
BUF @ LA,BUF,LA,WR2,18.0%,20.0%,19.2%,1.2%
DEN @ LAC,LAC,DEN,WR1,14.3%,15.7%,15.5%,1.2%
DET @ ARI,ARI,DET,WR2,8.4%,8.8%,9.6%,1.2%
BUF @ LA,BUF,LA,RB1,7.8%,12.0%,9.0%,1.2%
MIN @ NO,MIN,NO,WR3,5.8%,6.4%,6.9%,1.1%
LV @ NE,NE,LV,WR2,14.8%,18.9%,15.9%,1.1%
BAL @ ATL,BAL,ATL,RB1,7.6%,10.1%,8.7%,1.1%
BUF @ LA,BUF,LA,WR1,15.6%,15.2%,16.7%,1.1%
CLE @ NYJ,NYJ,CLE,RB1,8.1%,11.4%,9.1%,1.0%
CHI @ GB,GB,CHI,RB1,7.2%,4.8%,8.2%,1.0%
LV @ NE,NE,LV,WR3,17.4%,13.6%,18.4%,1.0%
MIN @ NO,NO,MIN,TE2,6.5%,5.1%,7.5%,1.0%
SF @ SEA,SEA,SF,RB2,6.8%,9.9%,7.8%,1.0%
MIN @ NO,MIN,NO,RB2,3.3%,3.2%,4.3%,1.0%
CIN @ MIA,CIN,MIA,RB1,17.3%,18.0%,18.2%,0.9%
HOU @ TEN,HOU,TEN,TE2,7.6%,6.3%,8.5%,0.9%
BAL @ ATL,ATL,BAL,RB2,3.1%,2.2%,4.0%,0.9%
DET @ ARI,DET,ARI,RB2,3.0%,1.8%,3.8%,0.8%
PHI @ JAX,JAX,PHI,RB1,7.1%,12.9%,7.9%,0.8%
TB @ DAL,TB,DAL,RB2,9.2%,10.6%,10.0%,0.8%
CLE @ NYJ,CLE,NYJ,WR3,7.9%,9.2%,8.7%,0.8%
BAL @ ATL,BAL,ATL,WR1,23.9%,23.6%,24.7%,0.8%
BUF @ LA,LA,BUF,RB1,15.1%,12.4%,15.8%,0.8%
CIN @ MIA,MIA,CIN,WR2,11.3%,15.6%,12.1%,0.8%
DEN @ LAC,LAC,DEN,WR3,17.6%,13.6%,18.4%,0.7%
PHI @ JAX,JAX,PHI,TE2,6.1%,10.0%,6.8%,0.7%
CHI @ GB,CHI,GB,TE2,5.3%,6.6%,6.0%,0.7%
BAL @ ATL,BAL,ATL,WR3,8.7%,12.4%,9.4%,0.7%
MIN @ NO,MIN,NO,TE2,5.0%,5.6%,5.6%,0.6%
DEN @ LAC,DEN,LAC,TE2,3.2%,4.2%,3.7%,0.5%
BAL @ ATL,ATL,BAL,WR3,7.1%,10.1%,7.6%,0.5%
CHI @ GB,CHI,GB,RB2,3.8%,3.3%,4.3%,0.5%
BUF @ LA,LA,BUF,TE1,10.2%,22.8%,10.7%,0.4%
PHI @ JAX,JAX,PHI,WR3,15.2%,16.4%,15.5%,0.4%
CLE @ NYJ,NYJ,CLE,TE2,8.9%,12.9%,9.2%,0.4%
DEN @ LAC,DEN,LAC,WR3,15.9%,14.3%,16.2%,0.3%
PHI @ JAX,PHI,JAX,WR1,23.1%,18.4%,23.3%,0.2%
HOU @ TEN,TEN,HOU,TE2,4.1%,3.9%,4.3%,0.2%
CHI @ GB,CHI,GB,RB1,8.3%,6.6%,8.5%,0.2%
SF @ SEA,SEA,SF,WR3,10.3%,8.5%,10.4%,0.1%
SF @ SEA,SEA,SF,RB1,10.3%,11.3%,10.4%,0.1%
CLE @ NYJ,CLE,NYJ,RB1,12.7%,10.7%,12.8%,0.1%
NYG @ WAS,NYG,WAS,WR2,12.7%,10.9%,12.8%,0.1%
CHI @ GB,GB,CHI,TE1,23.7%,27.6%,23.8%,0.1%
MIN @ NO,MIN,NO,RB1,12.4%,11.2%,12.4%,0.0%
DET @ ARI,ARI,DET,RB1,8.4%,9.9%,8.4%,0.0%
IND @ PIT,PIT,IND,RB2,4.3%,3.2%,4.3%,-0.0%
IND @ PIT,IND,PIT,TE1,32.4%,25.0%,32.3%,-0.1%
DET @ ARI,DET,ARI,TE1,25.0%,26.6%,24.9%,-0.1%
SF @ SEA,SF,SEA,WR1,23.3%,19.8%,23.2%,-0.1%
CLE @ NYJ,NYJ,CLE,RB2,5.6%,3.6%,5.5%,-0.2%
DEN @ LAC,LAC,DEN,TE1,15.1%,20.7%,14.9%,-0.2%
DEN @ LAC,LAC,DEN,WR2,16.0%,18.6%,15.8%,-0.2%
SF @ SEA,SF,SEA,RB1,21.4%,9.5%,21.2%,-0.2%
CLE @ NYJ,CLE,NYJ,RB2,8.7%,6.1%,8.5%,-0.2%
DEN @ LAC,DEN,LAC,TE1,22.2%,26.1%,21.9%,-0.3%
LV @ NE,LV,NE,WR3,14.8%,23.8%,14.3%,-0.4%
NYG @ WAS,NYG,WAS,TE1,39.8%,28.5%,39.4%,-0.5%
DEN @ LAC,LAC,DEN,TE2,19.3%,12.9%,18.8%,-0.5%
BAL @ ATL,ATL,BAL,RB1,18.4%,13.7%,17.9%,-0.5%
HOU @ TEN,TEN,HOU,RB1,8.9%,11.2%,8.4%,-0.5%
LV @ NE,NE,LV,WR1,20.9%,18.2%,20.4%,-0.5%
DET @ ARI,DET,ARI,WR3,10.1%,11.0%,9.6%,-0.5%
DET @ ARI,ARI,DET,WR3,9.0%,11.1%,8.4%,-0.6%
NYG @ WAS,WAS,NYG,RB2,7.4%,2.3%,6.8%,-0.7%
BUF @ LA,BUF,LA,WR3,21.1%,12.8%,20.4%,-0.7%
PHI @ JAX,PHI,JAX,RB2,8.5%,4.4%,7.9%,-0.7%
BAL @ ATL,ATL,BAL,TE2,9.2%,2.2%,8.5%,-0.7%
DEN @ LAC,DEN,LAC,WR2,17.5%,10.1%,16.7%,-0.8%
DET @ ARI,ARI,DET,RB2,6.5%,2.3%,5.6%,-0.8%
CIN @ MIA,MIA,CIN,RB1,17.5%,10.6%,16.7%,-0.9%
HOU @ TEN,TEN,HOU,WR2,18.7%,18.4%,17.8%,-0.9%
BUF @ LA,LA,BUF,WR2,22.9%,13.1%,21.9%,-1.0%
MIN @ NO,NO,MIN,WR1,25.9%,19.1%,24.8%,-1.1%
HOU @ TEN,TEN,HOU,WR3,12.2%,7.9%,11.1%,-1.1%
IND @ PIT,PIT,IND,TE2,11.7%,4.8%,10.5%,-1.2%
CIN @ MIA,CIN,MIA,TE1,18.7%,27.0%,17.5%,-1.2%
HOU @ TEN,TEN,HOU,RB2,5.7%,1.3%,4.5%,-1.2%
LV @ NE,LV,NE,TE1,24.6%,20.6%,23.4%,-1.2%
CIN @ MIA,CIN,MIA,RB2,5.8%,0.9%,4.5%,-1.3%
CLE @ NYJ,CLE,NYJ,WR2,22.2%,16.8%,20.9%,-1.3%
CLE @ NYJ,NYJ,CLE,WR2,12.1%,9.3%,10.8%,-1.3%
HOU @ TEN,HOU,TEN,WR2,17.9%,11.7%,16.5%,-1.4%
NYG @ WAS,NYG,WAS,TE2,5.1%,1.5%,3.7%,-1.4%
CIN @ MIA,CIN,MIA,WR1,20.1%,14.4%,18.6%,-1.6%
DET @ ARI,DET,ARI,RB1,16.7%,8.3%,15.1%,-1.6%
BAL @ ATL,ATL,BAL,TE1,23.5%,21.6%,21.9%,-1.6%
NYG @ WAS,WAS,NYG,WR3,20.7%,9.0%,19.0%,-1.6%
IND @ PIT,PIT,IND,WR1,20.2%,9.5%,18.5%,-1.8%
PHI @ JAX,JAX,PHI,WR1,26.3%,19.3%,24.4%,-1.8%
CHI @ GB,GB,CHI,WR2,24.3%,18.1%,22.3%,-2.0%
PHI @ JAX,PHI,JAX,TE1,23.9%,21.9%,21.9%,-2.1%
CHI @ GB,GB,CHI,WR3,13.8%,8.6%,11.7%,-2.1%
IND @ PIT,IND,PIT,WR3,13.2%,7.1%,11.1%,-2.2%
PHI @ JAX,PHI,JAX,TE2,8.5%,0.9%,6.3%,-2.2%
LV @ NE,LV,NE,RB1,17.6%,7.9%,15.1%,-2.6%
MIN @ NO,NO,MIN,RB1,14.6%,8.8%,11.8%,-2.7%
CHI @ GB,CHI,GB,WR3,18.9%,9.9%,16.2%,-2.8%
PHI @ JAX,JAX,PHI,WR2,15.2%,21.4%,12.1%,-3.1%
TB @ DAL,DAL,TB,WR3,15.3%,8.9%,12.1%,-3.2%
LV @ NE,LV,NE,WR1,16.2%,21.4%,13.0%,-3.2%
CLE @ NYJ,NYJ,CLE,WR1,25.8%,17.9%,22.6%,-3.2%
HOU @ TEN,HOU,TEN,TE1,33.8%,26.1%,30.4%,-3.4%
NYG @ WAS,WAS,NYG,TE1,16.5%,21.1%,13.0%,-3.6%
TB @ DAL,TB,DAL,RB1,11.5%,1.9%,7.7%,-3.7%
LV @ NE,NE,LV,RB1,14.8%,9.1%,11.0%,-3.8%
DEN @ LAC,DEN,LAC,RB2,16.7%,6.7%,12.8%,-3.8%
HOU @ TEN,HOU,TEN,WR3,17.2%,7.2%,13.0%,-4.2%
DEN @ LAC,LAC,DEN,RB2,13.4%,4.3%,9.1%,-4.3%
CIN @ MIA,CIN,MIA,WR2,28.1%,15.3%,23.6%,-4.5%
SF @ SEA,SEA,SF,WR1,35.9%,26.2%,30.9%,-5.0%
LV @ NE,LV,NE,TE2,16.9%,6.3%,11.7%,-5.2%
TB @ DAL,TB,DAL,TE1,33.6%,22.1%,26.6%,-7.0%
BAL @ ATL,BAL,ATL,TE1,34.8%,21.3%,27.7%,-7.1%
PHI @ JAX,JAX,PHI,TE1,30.3%,15.7%,22.8%,-7.5%
BUF @ LA,LA,BUF,TE2,22.9%,5.5%,15.3%,-7.6%
TB @ DAL,DAL,TB,WR1,31.3%,13.0%,22.3%,-9.0%
CIN @ MIA,MIA,CIN,WR1,28.9%,9.9%,18.6%,-10.2%
BYE,CAR (BYE),BYE,RB1,7.0%,N/A,N/A,N/A
BYE,CAR (BYE),BYE,RB2,3.2%,N/A,N/A,N/A
BYE,CAR (BYE),BYE,TE1,25.3%,N/A,N/A,N/A
BYE,CAR (BYE),BYE,TE2,16.5%,N/A,N/A,N/A
BYE,CAR (BYE),BYE,WR1,24.7%,N/A,N/A,N/A
BYE,CAR (BYE),BYE,WR2,13.9%,N/A,N/A,N/A
BYE,CAR (BYE),BYE,WR3,9.5%,N/A,N/A,N/A
BYE,KC (BYE),BYE,RB1,15.4%,N/A,N/A,N/A
BYE,KC (BYE),BYE,RB2,3.8%,N/A,N/A,N/A
BYE,KC (BYE),BYE,TE1,29.2%,N/A,N/A,N/A
BYE,KC (BYE),BYE,TE2,6.2%,N/A,N/A,N/A
BYE,KC (BYE),BYE,WR1,13.1%,N/A,N/A,N/A
BYE,KC (BYE),BYE,WR2,16.9%,N/A,N/A,N/A
BYE,KC (BYE),BYE,WR3,15.4%,N/A,N/A,N/A
